INSERT INTO Addresses(LastName, FirstName, Company, Email, Category) VALUES('Pisharodi', 'Vivek', 'Neologix', 'vivs@umich.edu', 'Business');
INSERT INTO Addresses(LastName, FirstName, Company, Email, Category) VALUES('Lange', 'Max', '', 'dma@gmail.com', 'Hobby');
INSERT INTO Addresses(LastName, FirstName, Company, Email, Category) VALUES('Carlsen', 'Magnus', 'Chess24', 'magnuscarlsen@gmail.com', 'Business');
INSERT INTO Addresses(LastName, FirstName, Company, Email, Category) VALUES('So', 'Wesley', 'St Louis Club', 'sowesley@gmail.com', 'Hobby');
INSERT INTO Addresses(LastName, FirstName, Company, Email, Category) VALUES('Finegold', 'Ben', 'St Louis Club', 'finegold@gmail.com', '');
INSERT INTO Addresses(LastName, FirstName, Company, Email, Category) VALUES('Giri', 'Anish', '', 'anishgiri64@gmail.com', '');
INSERT INTO Addresses(LastName, FirstName, Company, Email, Category) VALUES('Aronian', 'Levon', '', 'levonaronian@gmail.com', '');
INSERT INTO Addresses(LastName, FirstName, Company, Email, Category) VALUES('Radjabov', 'Teimour', '', 'tmr@gmail.com', '');
INSERT INTO Addresses(LastName, FirstName, Company, Email, Category) VALUES('Nakamura', 'Hikaru', '', 'hktsm@gmail.com', '');
INSERT INTO Addresses(LastName, FirstName, Company, Email, Category) VALUES('Karjakin', 'Sergey', '', 'sk@gmail.com', '');
INSERT INTO contactinfo(addressid,mobile) VALUES (1, '734-709-7920');
INSERT INTO addressinfo(addressid, address_, city, state_, country, zip) VALUES(1, "1506 Gilbert Ct", "Ann Arbor", "MI", "United States of America", "48109");
INSERT INTO contactinfo(addressid) VALUES(2);
INSERT INTO contactinfo(addressid) VALUES(3);
INSERT INTO contactinfo(addressid) VALUES(4);
INSERT INTO contactinfo(addressid) VALUES(5);
INSERT INTO contactinfo(addressid) VALUES(6);
INSERT INTO contactinfo(addressid) VALUES(7);
INSERT INTO contactinfo(addressid) VALUES(8);
INSERT INTO contactinfo(addressid) VALUES(9);
INSERT INTO contactinfo(addressid) VALUES(10);
INSERT INTO addressinfo(addressid) VALUES(2);
INSERT INTO addressinfo(addressid) VALUES(3);
INSERT INTO addressinfo(addressid) VALUES(4);
INSERT INTO addressinfo(addressid) VALUES(5);
INSERT INTO addressinfo(addressid) VALUES(6);
INSERT INTO addressinfo(addressid) VALUES(7);
INSERT INTO addressinfo(addressid) VALUES(8);
INSERT INTO addressinfo(addressid) VALUES(9);
INSERT INTO addressinfo(addressid) VALUES(10);